wl,n,wl,k,,,
0.19124841,1.64542,0.19124841,0,,,
0.1928362,1.64179,0.1928362,0,,,
0.19442403,1.63827,0.19442403,0,,,
0.1960119,1.63484,0.1960119,0,,,
0.19759982,1.63152,0.19759982,0,,,
0.19918782,1.62829,0.19918782,0,,,
0.20077585,1.62515,0.20077585,0,,,
0.20236392,1.62211,0.20236392,0,,,
0.20395206,1.61918,0.20395206,0,,,
0.20554024,1.61635,0.20554024,0,,,
0.20712845,1.61365,0.20712845,0,,,
0.20871672,1.61107,0.20871672,0,,,
0.21030502,1.6086,0.21030502,0,,,
0.2118934,1.60625,0.2118934,0,,,
0.21348181,1.604,0.21348181,0,,,
0.21507027,1.60186,0.21507027,0,,,
0.21665877,1.5998,0.21665877,0,,,
0.21824731,1.59781,0.21824731,0,,,
0.21983589,1.59587,0.21983589,0,,,
0.22142453,1.594,0.22142453,0,,,
0.22301321,1.59217,0.22301321,0,,,
0.22460193,1.59041,0.22460193,0,,,
0.22619067,1.5887,0.22619067,0,,,
0.2277795,1.58705,0.2277795,0,,,
0.22936833,1.58545,0.22936833,0,,,
0.23095723,1.5839,0.23095723,0,,,
0.23254614,1.5824,0.23254614,2.37E-04,,,
0.2341351,1.58094,0.2341351,2.24E-04,,,
0.23572412,1.57952,0.23572412,2.10E-04,,,
0.23731316,1.57815,0.23731316,1.95E-04,,,
0.23890225,1.5768,0.23890225,1.80E-04,,,
0.24049138,1.5755,0.24049138,1.66E-04,,,
0.24208054,1.57423,0.24208054,1.52E-04,,,
0.24366975,1.57299,0.24366975,1.39E-04,,,
0.24525899,1.57178,0.24525899,1.26E-04,,,
0.24684827,1.5706,0.24684827,1.15E-04,,,
0.24843758,1.56945,0.24843758,1.05E-04,,,
0.25002693,1.56833,0.25002693,9.60E-05,,,
0.2516163,1.56724,0.2516163,8.90E-05,,,
0.25320573,1.56618,0.25320573,8.20E-05,,,
0.2547952,1.56514,0.2547952,7.60E-05,,,
0.25638467,1.56412,0.25638467,7.10E-05,,,
0.25797418,1.56313,0.25797418,6.60E-05,,,
0.25956375,1.56217,0.25956375,6.20E-05,,,
0.26115335,1.56122,0.26115335,5.80E-05,,,
0.26274298,1.5603,0.26274298,5.50E-05,,,
0.26433261,1.5594,0.26433261,5.20E-05,,,
0.2659223,1.55852,0.2659223,5.00E-05,,,
0.26751202,1.55766,0.26751202,4.80E-05,,,
0.26910178,1.55682,0.26910178,4.50E-05,,,
0.27069156,1.556,0.27069156,4.30E-05,,,
0.27228137,1.55519,0.27228137,4.10E-05,,,
0.27387122,1.55441,0.27387122,4.00E-05,,,
0.27546109,1.55364,0.27546109,3.80E-05,,,
0.27705096,1.55288,0.27705096,3.60E-05,,,
0.27864093,1.55215,0.27864093,3.50E-05,,,
0.28023086,1.55142,0.28023086,3.30E-05,,,
0.28182086,1.55072,0.28182086,3.10E-05,,,
0.28341086,1.55002,0.28341086,3.00E-05,,,
0.28500092,1.54934,0.28500092,2.80E-05,,,
0.28659097,1.54868,0.28659097,2.70E-05,,,
0.28818106,1.54803,0.28818106,2.60E-05,,,
0.28977118,1.54739,0.28977118,2.40E-05,,,
0.2913613,1.54676,0.2913613,2.30E-05,,,
0.29295148,1.54615,0.29295148,2.20E-05,,,
0.29454169,1.54554,0.29454169,2.10E-05,,,
0.2961319,1.54495,0.2961319,2.00E-05,,,
0.29772211,1.54437,0.29772211,1.90E-05,,,
0.29931238,1.5438,0.29931238,1.70E-05,,,
0.30090265,1.54324,0.30090265,1.60E-05,,,
0.30249298,1.5427,0.30249298,1.60E-05,,,
0.30408331,1.54216,0.30408331,1.50E-05,,,
0.30567365,1.54163,0.30567365,1.40E-05,,,
0.30726401,1.54111,0.30726401,1.30E-05,,,
0.30885443,1.5406,0.30885443,1.20E-05,,,
0.31044482,1.5401,0.31044482,1.10E-05,,,
0.31203525,1.53961,0.31203525,1.10E-05,,,
0.3136257,1.53912,0.3136257,1.00E-05,,,
0.31521616,1.53865,0.31521616,9.00E-06,,,
0.31680667,1.53818,0.31680667,9.00E-06,,,
0.31839716,1.53773,0.31839716,8.00E-06,,,
0.3199877,1.53728,0.3199877,8.00E-06,,,
0.32157822,1.53683,0.32157822,7.00E-06,,,
0.32316876,1.5364,0.32316876,7.00E-06,,,
0.32475934,1.53597,0.32475934,6.00E-06,,,
0.32634994,1.53555,0.32634994,6.00E-06,,,
0.32794055,1.53514,0.32794055,6.00E-06,,,
0.32953119,1.53473,0.32953119,5.00E-06,,,
0.3311218,1.53433,0.3311218,5.00E-06,,,
0.33271246,1.53394,0.33271246,4.00E-06,,,
0.3343031,1.53355,0.3343031,4.00E-06,,,
0.33589377,1.53317,0.33589377,4.00E-06,,,
0.33748447,1.53279,0.33748447,4.00E-06,,,
0.33907517,1.53242,0.33907517,3.00E-06,,,
0.34066589,1.53206,0.34066589,3.00E-06,,,
0.34225662,1.5317,0.34225662,3.00E-06,,,
0.34384735,1.53135,0.34384735,3.00E-06,,,
0.34543808,1.531,0.34543808,3.00E-06,,,
0.34702887,1.53066,0.34702887,2.00E-06,,,
0.3486196,1.53032,0.3486196,2.00E-06,,,
0.35021039,1.52999,0.35021039,2.00E-06,,,
0.35180118,1.52967,0.35180118,2.00E-06,,,
0.35339197,1.52935,0.35339197,2.00E-06,,,
0.35498276,1.52903,0.35498276,2.00E-06,,,
0.35657358,1.52872,0.35657358,2.00E-06,,,
0.3581644,1.52841,0.3581644,1.00E-06,,,
0.35975522,1.52811,0.35975522,1.00E-06,,,
0.36134604,1.52781,0.36134604,1.00E-06,,,
0.36293689,1.52752,0.36293689,1.00E-06,,,
0.36452774,1.52723,0.36452774,1.00E-06,,,
0.36611859,1.52694,0.36611859,1.00E-06,,,
0.36770941,1.52666,0.36770941,1.00E-06,,,
0.36930029,1.52638,0.36930029,1.00E-06,,,
0.37089117,1.52611,0.37089117,1.00E-06,,,
0.37248203,1.52584,0.37248203,1.00E-06,,,
0.37407288,1.52557,0.37407288,1.00E-06,,,
0.37566376,1.52531,0.37566376,1.00E-06,,,
0.37725464,1.52505,0.37725464,1.00E-06,,,
0.37884552,1.5248,0.37884552,1.00E-06,,,
0.38043637,1.52455,0.38043637,1.00E-06,,,
0.38202728,1.5243,0.39,2.83E-07,,,
0.38361813,1.52405,0.4,2.05E-07,,,
0.38520902,1.52381,0.41,2.18E-07,,,
0.3867999,1.52357,0.42,2.28E-07,,,
0.38839078,1.52334,0.43,2.40E-07,,,
0.38998166,1.52311,0.44,2.34E-07,,,
0.39157254,1.52288,0.45,1.93E-07,,,
0.39316339,1.52265,0.46,1.67E-07,,,
0.39475427,1.52243,0.47,1.70E-07,,,
0.39634515,1.52221,0.48,1.68E-07,,,
0.39793601,1.52199,0.49,1.55E-07,,,
0.39952689,1.52178,0.5,1.49E-07,,,
0.40111774,1.52156,0.51,1.50E-07,,,
0.40270856,1.52136,0.52,1.58E-07,,,
0.40429944,1.52115,0.53,1.77E-07,,,
0.40589029,1.52095,0.54,1.99E-07,,,
0.40748111,1.52074,0.55,2.20E-07,,,
0.40907196,1.52055,0.56,2.53E-07,,,
0.41066275,1.52035,0.57,3.05E-07,,,
0.41225357,1.52015,0.58,3.56E-07,,,
0.41384439,1.51996,0.59,4.00E-07,,,
0.41543521,1.51977,0.6,4.55E-07,,,
0.41702597,1.51959,0.61,5.22E-07,,,
0.41861679,1.5194,0.62,5.97E-07,,,
0.42020758,1.51922,0.63,6.91E-07,,,
0.42179834,1.51904,0.64,7.75E-07,,,
0.42338907,1.51886,0.65,8.37E-07,,,
0.42497983,1.51869,0.66,9.11E-07,,,
0.42657056,1.51851,0.67,1.01E-06,,,
0.42816129,1.51834,0.68,1.10E-06,,,
0.42975201,1.51817,0.69,1.16E-06,,,
0.43134271,1.518,0.7,1.23E-06,,,
0.43293341,1.51784,0.71,1.35E-06,,,
0.43452408,1.51767,0.72,1.47E-06,,,
0.43611475,1.51751,0.73,1.59E-06,,,
0.43770538,1.51735,0.74,1.71E-06,,,
0.43929599,1.51719,0.75,1.83E-06,,,
0.44088663,1.51703,0.76,1.96E-06,,,
0.44247723,1.51688,0.77,2.09E-06,,,
0.44406781,1.51673,0.78,2.21E-06,,,
0.44565839,1.51658,0.79,2.35E-06,,,
0.44724896,1.51643,0.8,2.48E-06,,,
0.44883951,1.51628,0.81,2.62E-06,,,
0.45043002,1.51613,0.82,2.76E-06,,,
0.45202051,1.51599,0.83,2.89E-06,,,
0.45361102,1.51584,0.84,3.02E-06,,,
0.45520148,1.5157,0.85,3.15E-06,,,
0.45679193,1.51556,0.86,3.27E-06,,,
0.45838239,1.51542,0.87,3.39E-06,,,
0.45997281,1.51529,0.88,3.51E-06,,,
0.46156317,1.51515,0.89,3.62E-06,,,
0.46315356,1.51502,0.9,3.73E-06,,,
0.4647439,1.51488,0.91,3.82E-06,,,
0.46633423,1.51475,0.92,3.91E-06,,,
0.4679245,1.51462,0.93,4.00E-06,,,
0.4695148,1.51449,0.94,4.08E-06,,,
0.47110507,1.51436,0.95,4.17E-06,,,
0.47269531,1.51424,0.96,4.26E-06,,,
0.47428555,1.51411,0.97,4.35E-06,,,
0.47587573,1.51399,0.98,4.43E-06,,,
0.47746588,1.51387,0.99,4.51E-06,,,
0.47905606,1.51375,1,4.59E-06,,,
0.48064615,1.51363,1.1,5.11E-06,,,
0.48223624,1.51351,1.2,5.37E-06,,,
0.48382632,1.51339,1.3,5.35E-06,,,
0.48541635,1.51328,1.4,4.94E-06,,,
0.48700635,1.51316,1.5,4.23E-06,,,
0.48859634,1.51305,1.6,3.68E-06,,,
0.49018634,1.51293,1.7,3.66E-06,,,
0.49177621,1.51282,1.8,3.92E-06,,,
0.49336615,1.51271,1.9,4.19E-06,,,
0.49495599,1.5126,2,4.42E-06,,,
0.49654584,1.51249,2.1,4.48E-06,,,
0.49813565,1.51239,2.2,5.37E-06,,,
0.49972543,1.51228,2.3,5.08E-06,,,
0.50131519,1.51217,2.4,5.37E-06,,,
0.50290494,1.51207,2.5,6.32E-06,,,
0.50449463,1.51197,2.6,6.88E-06,,,
0.50608429,1.51186,2.7,1.02E-05,,,
0.50767389,1.51176,2.8,6.50E-05,,,
0.50926349,1.51166,2.9,7.93E-05,,,
0.51085303,1.51156,3,7.43E-05,,,
0.51244257,1.51146,3.1,7.42E-05,,,
0.5140321,1.51137,3.2,8.19E-05,,,
0.51562152,1.51127,3.3,9.34E-05,,,
0.51721094,1.51117,3.4,9.96E-05,,,
0.51880035,1.51108,3.5,1.07E-04,,,
0.52038971,1.51099,3.6,1.07E-04,,,
0.521979,1.51089,3.7,1.05E-04,,,
0.52356824,1.5108,3.8,1.03E-04,,,
0.52515753,1.51071,3.9,1.03E-04,,,
0.5267467,1.51062,4,1.06E-04,,,
0.52833588,1.51053,4.1,1.22E-04,,,
0.52992499,1.51044,4.2,1.44E-04,,,
0.5315141,1.51035,4.3,1.78E-04,,,
0.53310315,1.51026,4.4,2.25E-04,,,
0.53469214,1.51018,4.5,2.98E-04,,,
0.53628113,1.51009,4.6,7.44E-04,,,
0.53787006,1.51,5,0.003,,,
0.53945892,1.50992,6,0.005,,,
0.54104779,1.50984,7,0.008,,,
0.5426366,1.50975,8,0.028,,,
0.5442254,1.50967,8.2,0.061,,,
0.54581409,1.50959,8.4,0.216,,,
0.54740277,1.50951,8.5,0.354,,,
0.54899139,1.50943,8.7,0.543,,,
0.55057996,1.50935,9,0.759,,,
0.55216858,1.50927,9.2,0.938,,,
0.55375702,1.50919,9.4,1.123,,,
0.55534552,1.50911,9.5,1.187,,,
0.55693396,1.50904,9.6,1.232,,,
0.55852228,1.50896,9.8,1.24,,,
0.5601106,1.50888,10,1.123,,,
0.56169885,1.50881,10.5,0.809,,,
0.56328711,1.50874,11,0.485,,,
0.56487531,1.50866,11.5,0.286,,,
0.56646344,1.50859,12,0.222,,,
0.56805145,1.50852,12.5,0.244,,,
0.56963953,1.50844,13,0.306,,,
0.57122748,1.50837,13.5,0.304,,,
0.57281543,1.5083,14,0.28,,,
0.57440332,1.50823,14.5,0.269,,,
0.57599115,1.50816,15,0.299,,,
0.57757898,1.50809,,,,,
0.57916663,1.50802,,,,,
0.58075433,1.50795,,,,,
0.58234198,1.50789,,,,,
0.58392957,1.50782,,,,,
0.58551709,1.50775,,,,,
0.58710455,1.50769,,,,,
0.58869196,1.50762,,,,,
0.5902793,1.50756,,,,,
0.59186658,1.50749,,,,,
0.59345386,1.50743,,,,,
0.59504108,1.50736,,,,,
0.59662817,1.5073,,,,,
0.59821527,1.50724,,,,,
0.59980231,1.50718,,,,,
0.60138928,1.50712,,,,,
0.6029762,1.50705,,,,,
0.60456305,1.50699,,,,,
0.60614978,1.50693,,,,,
0.60773657,1.50687,,,,,
0.60932324,1.50681,,,,,
0.61090979,1.50675,,,,,
0.6124964,1.5067,,,,,
0.61408289,1.50664,,,,,
0.61566931,1.50658,,,,,
0.61725568,1.50652,,,,,
0.61884198,1.50646,,,,,
0.62042822,1.50641,,,,,
0.6220144,1.50635,,,,,
0.62360052,1.5063,,,,,
0.62518658,1.50624,,,,,
0.62677258,1.50619,,,,,
0.62835852,1.50613,,,,,
0.6299444,1.50608,,,,,
0.63153015,1.50602,,,,,
0.63311591,1.50597,,,,,
0.63470154,1.50592,,,,,
0.63628717,1.50586,,,,,
0.63787268,1.50581,,,,,
0.63945813,1.50576,,,,,
0.64104358,1.50571,,,,,
0.64262891,1.50566,,,,,
0.64421417,1.50561,,,,,
0.64579932,1.50556,,,,,
0.64738446,1.5055,,,,,
0.64896948,1.50546,,,,,
0.6505545,1.50541,,,,,
0.6521394,1.50536,,,,,
0.65372424,1.50531,,,,,
0.65530896,1.50526,,,,,
0.65689368,1.50521,,,,,
0.65847833,1.50516,,,,,
0.66006287,1.50511,,,,,
0.66164734,1.50507,,,,,
0.66323175,1.50502,,,,,
0.66481604,1.50497,,,,,
0.66640027,1.50493,,,,,
0.6679845,1.50488,,,,,
0.6695686,1.50483,,,,,
0.67115259,1.50479,,,,,
0.67273657,1.50474,,,,,
0.67432043,1.5047,,,,,
0.67590424,1.50465,,,,,
0.67748792,1.50461,,,,,
0.67907159,1.50456,,,,,
0.68065515,1.50452,,,,,
0.68223865,1.50448,,,,,
0.68382202,1.50443,,,,,
0.6854054,1.50439,,,,,
0.68698859,1.50435,,,,,
0.68857172,1.5043,,,,,
0.69015485,1.50426,,,,,
0.69173785,1.50422,,,,,
0.69332074,1.50418,,,,,
0.69490356,1.50414,,,,,
0.69648633,1.50409,,,,,
0.69806897,1.50405,,,,,
0.69965161,1.50401,,,,,
0.70123407,1.50397,,,,,
0.70281653,1.50393,,,,,
0.7043988,1.50389,,,,,
0.70598108,1.50385,,,,,
0.70756323,1.50381,,,,,
0.70914532,1.50377,,,,,
0.7107273,1.50373,,,,,
0.7123092,1.50369,,,,,
0.71389099,1.50365,,,,,
0.71547278,1.50361,,,,,
0.71705438,1.50358,,,,,
0.71863593,1.50354,,,,,
0.72021741,1.5035,,,,,
0.72179877,1.50346,,,,,
0.72338,1.50342,,,,,
0.72496124,1.50339,,,,,
0.72654236,1.50335,,,,,
0.72812335,1.50331,,,,,
0.72970422,1.50327,,,,,
0.73128509,1.50324,,,,,
0.73286585,1.5032,,,,,
0.73444647,1.50317,,,,,
0.73602698,1.50313,,,,,
0.73760748,1.50309,,,,,
0.73918787,1.50306,,,,,
0.74076807,1.50302,,,,,
0.74234827,1.50299,,,,,
0.74392835,1.50295,,,,,
0.7455083,1.50292,,,,,
0.7470882,1.50288,,,,,
0.74866797,1.50285,,,,,
0.75024768,1.50281,,,,,
0.75182727,1.50278,,,,,
0.75340674,1.50274,,,,,
0.75498614,1.50271,,,,,
0.75656543,1.50268,,,,,
0.75814465,1.50264,,,,,
0.75972375,1.50261,,,,,
0.76130273,1.50257,,,,,
0.76288159,1.50254,,,,,
0.76446039,1.50251,,,,,
0.76603912,1.50248,,,,,
0.76761768,1.50244,,,,,
0.76919617,1.50241,,,,,
0.77077454,1.50238,,,,,
0.77235284,1.50235,,,,,
0.77393103,1.50231,,,,,
0.77550915,1.50228,,,,,
0.77708704,1.50225,,,,,
0.77866492,1.50222,,,,,
0.78024274,1.50219,,,,,
0.78182037,1.50216,,,,,
0.78339789,1.50212,,,,,
0.78497534,1.50209,,,,,
0.78655267,1.50206,,,,,
0.78812994,1.50203,,,,,
0.78970703,1.502,,,,,
0.79128406,1.50197,,,,,
0.79286096,1.50194,,,,,
0.79443774,1.50191,,,,,
0.79601446,1.50188,,,,,
0.797591,1.50185,,,,,
0.79916748,1.50182,,,,,
0.80074383,1.50179,,,,,
0.80232013,1.50176,,,,,
0.80389624,1.50173,,,,,
0.80547229,1.5017,,,,,
0.80704816,1.50167,,,,,
0.80862396,1.50164,,,,,
0.81019965,1.50161,,,,,
0.81177521,1.50158,,,,,
0.81335071,1.50156,,,,,
0.81492602,1.50153,,,,,
0.81650122,1.5015,,,,,
0.81807636,1.50147,,,,,
0.81965137,1.50144,,,,,
0.82122626,1.50141,,,,,
0.82280096,1.50139,,,,,
0.82437561,1.50136,,,,,
0.8259502,1.50133,,,,,
0.8275246,1.5013,,,,,
0.82909882,1.50127,,,,,
0.83067304,1.50125,,,,,
0.83224707,1.50122,,,,,
0.83382098,1.50119,,,,,
0.83539484,1.50116,,,,,
0.83696857,1.50114,,,,,
0.83854211,1.50111,,,,,
0.84011554,1.50108,,,,,
0.84168884,1.50106,,,,,
0.84326208,1.50103,,,,,
0.84483514,1.501,,,,,
0.84640808,1.50098,,,,,
0.84798096,1.50095,,,,,
0.84955371,1.50092,,,,,
0.85112628,1.5009,,,,,
0.85269873,1.50087,,,,,
0.85427112,1.50085,,,,,
0.85584338,1.50082,,,,,
0.8574154,1.50079,,,,,
0.85898743,1.50077,,,,,
0.8605592,1.50074,,,,,
0.86213098,1.50072,,,,,
0.86370251,1.50069,,,,,
0.86527393,1.50067,,,,,
0.86684534,1.50064,,,,,
0.8684165,1.50062,,,,,
0.86998761,1.50059,,,,,
0.87155847,1.50056,,,,,
0.87312927,1.50054,,,,,
0.87470001,1.50052,,,,,
0.87627051,1.50049,,,,,
0.87784094,1.50047,,,,,
0.87941125,1.50044,,,,,
0.88098132,1.50042,,,,,
0.88255139,1.50039,,,,,
0.88412128,1.50037,,,,,
0.88569104,1.50034,,,,,
0.88726062,1.50032,,,,,
0.8888302,1.50029,,,,,
0.89039954,1.50027,,,,,
0.89196863,1.50025,,,,,
0.89353778,1.50022,,,,,
0.89510675,1.5002,,,,,
0.89667548,1.50017,,,,,
0.89824426,1.50015,,,,,
0.89981268,1.50013,,,,,
0.90138117,1.5001,,,,,
0.9029494,1.50008,,,,,
0.90451746,1.50006,,,,,
0.90608545,1.50003,,,,,
0.90765332,1.50001,,,,,
0.90922101,1.49999,,,,,
0.91078857,1.49996,,,,,
0.91235596,1.49994,,,,,
0.91392322,1.49992,,,,,
0.91549042,1.49989,,,,,
0.91705743,1.49987,,,,,
0.91862421,1.49985,,,,,
0.92019092,1.49983,,,,,
0.92175751,1.4998,,,,,
0.92332391,1.49978,,,,,
0.92489026,1.49976,,,,,
0.92645636,1.49973,,,,,
0.92802234,1.49971,,,,,
0.9295882,1.49969,,,,,
0.93115393,1.49967,,,,,
0.93271942,1.49964,,,,,
0.93428485,1.49962,,,,,
0.9358501,1.4996,,,,,
0.93741522,1.49958,,,,,
0.93898016,1.49956,,,,,
0.94054492,1.49953,,,,,
0.94210968,1.49951,,,,,
0.94367413,1.49949,,,,,
0.94523846,1.49947,,,,,
0.94680273,1.49945,,,,,
0.94836682,1.49942,,,,,
0.94993066,1.4994,,,,,
0.95149445,1.49938,,,,,
0.9530581,1.49936,,,,,
0.95462146,1.49934,,,,,
0.95618488,1.49932,,,,,
0.95774793,1.49929,,,,,
0.95931103,1.49927,,,,,
0.96087384,1.49925,,,,,
0.96243652,1.49923,,,,,
0.96399902,1.49921,,,,,
0.9655614,1.49919,,,,,
0.96712366,1.49917,,,,,
0.96868573,1.49914,,,,,
0.97024768,1.49912,,,,,
0.97180939,1.4991,,,,,
0.97337097,1.49908,,,,,
0.97493243,1.49906,,,,,
0.97649377,1.49904,,,,,
0.97805487,1.49902,,,,,
0.97961585,1.499,,,,,
0.98117664,1.49898,,,,,
0.9827373,1.49896,,,,,
0.98429773,1.49894,,,,,
0.98585809,1.49892,,,,,
0.98741827,1.4989,,,,,
0.98897833,1.49887,,,,,
0.99053809,1.49885,,,,,
0.99209778,1.49883,,,,,
0.99365735,1.49881,,,,,
0.99521668,1.49879,,,,,
0.99677588,1.49877,,,,,
0.99833484,1.49875,,,,,
0.99989374,1.49873,,,,,
1.01007697,1.4986,,,,,
1.01348059,1.49856,,,,,
1.01688458,1.49851,,,,,
1.02028894,1.49847,,,,,
1.02369373,1.49843,,,,,
1.02709888,1.49838,,,,,
1.03050464,1.49834,,,,,
1.03391052,1.49829,,,,,
1.03731702,1.49825,,,,,
1.04072376,1.49821,,,,,
1.04413098,1.49817,,,,,
1.04753857,1.49812,,,,,
1.05094653,1.49808,,,,,
1.05435498,1.49804,,,,,
1.05776379,1.498,,,,,
1.06117297,1.49796,,,,,
1.06458252,1.49791,,,,,
1.06799243,1.49787,,,,,
1.07140295,1.49783,,,,,
1.07481372,1.49779,,,,,
1.07822485,1.49775,,,,,
1.08163648,1.49771,,,,,
1.08504846,1.49766,,,,,
1.08846081,1.49762,,,,,
1.09187366,1.49758,,,,,
1.09528687,1.49754,,,,,
1.09870044,1.4975,,,,,
1.10211438,1.49746,,,,,
1.10552869,1.49742,,,,,
1.10894348,1.49737,,,,,
1.11235864,1.49733,,,,,
1.11577417,1.49729,,,,,
1.11919019,1.49725,,,,,
1.12260657,1.49721,,,,,
1.12602319,1.49717,,,,,
1.12944043,1.49713,,,,,
1.13285803,1.49709,,,,,
1.13627588,1.49705,,,,,
1.13969421,1.49701,,,,,
1.14311304,1.49697,,,,,
1.1465321,1.49693,,,,,
1.14995166,1.49689,,,,,
1.15337158,1.49685,,,,,
1.15679187,1.4968,,,,,
1.16021265,1.49676,,,,,
1.16363367,1.49672,,,,,
1.16705518,1.49668,,,,,
1.17047717,1.49664,,,,,
1.17389941,1.4966,,,,,
1.17732202,1.49656,,,,,
1.18074524,1.49652,,,,,
1.1841687,1.49648,,,,,
1.18759253,1.49644,,,,,
1.19101685,1.4964,,,,,
1.19444153,1.49636,,,,,
1.19786646,1.49632,,,,,
1.20129199,1.49628,,,,,
1.2047179,1.49624,,,,,
1.20814404,1.4962,,,,,
1.21157068,1.49616,,,,,
1.2149978,1.49612,,,,,
1.21842517,1.49608,,,,,
1.22185303,1.49604,,,,,
1.22528113,1.496,,,,,
1.22870972,1.49595,,,,,
1.23213879,1.49591,,,,,
1.23556812,1.49587,,,,,
1.23899792,1.49583,,,,,
1.2424281,1.49579,,,,,
1.24585864,1.49575,,,,,
1.24928967,1.49571,,,,,
1.25272095,1.49567,,,,,
1.25615271,1.49563,,,,,
1.25958484,1.49559,,,,,
1.26301746,1.49555,,,,,
1.26645044,1.49551,,,,,
1.26988367,1.49546,,,,,
1.27331738,1.49542,,,,,
1.27675147,1.49538,,,,,
1.28018591,1.49534,,,,,
1.28362085,1.4953,,,,,
1.28705615,1.49526,,,,,
1.29049182,1.49522,,,,,
1.29392786,1.49517,,,,,
1.29736426,1.49513,,,,,
1.30080115,1.49509,,,,,
1.3042384,1.49505,,,,,
1.30767603,1.49501,,,,,
1.31111401,1.49497,,,,,
1.31455237,1.49492,,,,,
1.31799121,1.49488,,,,,
1.32143042,1.49484,,,,,
1.32486987,1.4948,,,,,
1.32830981,1.49475,,,,,
1.33175024,1.49471,,,,,
1.33519104,1.49467,,,,,
1.33863208,1.49463,,,,,
1.34207361,1.49458,,,,,
1.3455155,1.49454,,,,,
1.34895776,1.4945,,,,,
1.35240051,1.49445,,,,,
1.35584363,1.49441,,,,,
1.35928711,1.49437,,,,,
1.36273096,1.49432,,,,,
1.36617517,1.49428,,,,,
1.36961987,1.49424,,,,,
1.37306482,1.49419,,,,,
1.37651025,1.49415,,,,,
1.37995606,1.49411,,,,,
1.38340222,1.49406,,,,,
1.38684888,1.49402,,,,,
1.39029578,1.49397,,,,,
1.39374316,1.49393,,,,,
1.3971908,1.49388,,,,,
1.40063892,1.49384,,,,,
1.40408752,1.49379,,,,,
1.40753638,1.49375,,,,,
1.4109856,1.4937,,,,,
1.4144353,1.49366,,,,,
1.4178855,1.49361,,,,,
1.42133581,1.49357,,,,,
1.42478674,1.49352,,,,,
1.42823804,1.49348,,,,,
1.43168958,1.49343,,,,,
1.4351416,1.49338,,,,,
1.43859399,1.49334,,,,,
1.44204663,1.49329,,,,,
1.44549988,1.49324,,,,,
1.44895337,1.4932,,,,,
1.45240735,1.49315,,,,,
1.45586157,1.4931,,,,,
1.45931628,1.49306,,,,,
1.46277148,1.49301,,,,,
1.46622693,1.49296,,,,,
1.46968286,1.49291,,,,,
1.47313892,1.49286,,,,,
1.47659558,1.49282,,,,,
1.48005261,1.49277,,,,,
1.48351001,1.49272,,,,,
1.4869679,1.49267,,,,,
1.49042603,1.49262,,,,,
1.49388452,1.49257,,,,,
1.49734351,1.49252,,,,,
1.50080286,1.49247,,,,,
1.50426245,1.49242,,,,,
1.50772253,1.49237,,,,,
1.51118311,1.49232,,,,,
1.51464392,1.49227,,,,,
1.51810523,1.49222,,,,,
1.52156677,1.49217,,,,,
1.52502881,1.49212,,,,,
1.52849121,1.49207,,,,,
1.53195398,1.49202,,,,,
1.53541711,1.49197,,,,,
1.53888062,1.49192,,,,,
1.5423446,1.49186,,,,,
1.54580884,1.49181,,,,,
1.54927368,1.49176,,,,,
1.55273865,1.49171,,,,,
1.5562041,1.49165,,,,,
1.55966992,1.4916,,,,,
1.56313611,1.49154,,,,,
1.56660278,1.49149,,,,,
1.5700697,1.49144,,,,,
1.57353711,1.49138,,,,,
1.57700488,1.49133,,,,,
1.58047302,1.49127,,,,,
1.58394153,1.49122,,,,,
1.5874104,1.49116,,,,,
1.59087964,1.49111,,,,,
1.59434937,1.49105,,,,,
1.59781934,1.491,,,,,
1.60128979,1.49094,,,,,
1.60476062,1.49088,,,,,
1.60823169,1.49083,,,,,
1.61170337,1.49077,,,,,
1.61517529,1.49071,,,,,
1.61864758,1.49065,,,,,
1.62212036,1.4906,,,,,
1.62559338,1.49054,,,,,
1.62906689,1.49048,,,,,
1.63254077,1.49042,,,,,
1.63601489,1.49036,,,,,
1.6394895,1.4903,,,,,
1.64296448,1.49024,,,,,
1.64643982,1.49018,,,,,
1.64991565,1.49012,,,,,
1.65339185,1.49006,,,,,
1.65686816,1.49,,,,,
1.66034509,1.48994,,,,,
1.66382227,1.48988,,,,,
1.66730005,1.48981,,,,,
1.67077795,1.48975,,,,,
1.67425647,1.48969,,,,,
1.67773511,1.48963,,,,,
1.68121423,1.48956,,,,,
1.68469397,1.4895,,,,,
1.68817383,1.48943,,,,,
1.726,1.488636447,,,,,
1.769,1.488102157,,,,,
1.812,1.48756072,,,,,
1.854,1.487024583,,,,,
1.897,1.486467862,,,,,
1.94,1.485902908,,,,,
1.983,1.485329434,,,,,
2.026,1.484747181,,,,,
2.069,1.484155919,,,,,
2.112,1.483555439,,,,,
2.155,1.482945553,,,,,
2.198,1.482326092,,,,,
2.241,1.481696902,,,,,
2.283,1.481072821,,,,,
2.326,1.480424005,,,,,
2.369,1.479765082,,,,,
2.412,1.479095947,,,,,
2.455,1.478416507,,,,,
2.498,1.477726671,,,,,
2.541,1.47702636,,,,,
2.584,1.4763155,,,,,
2.627,1.475594023,,,,,
2.67,1.474861868,,,,,
2.712,1.474136375,,,,,
2.755,1.473382945,,,,,
2.798,1.472618677,,,,,
2.841,1.471843527,,,,,
2.884,1.471057452,,,,,
2.927,1.470260413,,,,,
2.97,1.469452374,,,,,
3.013,1.468633303,,,,,
3.056,1.467803166,,,,,
3.099,1.466961937,,,,,
3.141,1.466129534,,,,,
3.184,1.465266296,,,,,
3.227,1.464391889,,,,,
3.27,1.463506291,,,,,
3.313,1.462609481,,,,,
3.356,1.461701439,,,,,
3.399,1.460782148,,,,,
3.442,1.459851591,,,,,
3.485,1.458909751,,,,,
3.528,1.457956613,,,,,
3.57,1.45701472,,,,,
3.613,1.45603921,,,,,
3.656,1.455052362,,,,,
3.699,1.454054164,,,,,
3.742,1.453044608,,,,,
3.785,1.45202368,,,,,
3.828,1.450991372,,,,,
3.871,1.449947674,,,,,
3.914,1.448892576,,,,,
3.957,1.447826073,,,,,
3.999,1.446773352,,,,,
4.042,1.445684276,,,,,
4.085,1.44458377,,,,,
4.128,1.443471829,,,,,
4.171,1.442348445,,,,,
4.214,1.441213612,,,,,
4.257,1.440067325,,,,,
4.3,1.438909578,,,,,
4.343,1.437740365,,,,,
4.386,1.436559683,,,,,
4.428,1.43539538,,,,,
4.471,1.434192011,,,,,
4.514,1.432977156,,,,,
4.557,1.431750815,,,,,
4.6,1.430512983,,,,,
5,1.3819124,,,,,
6,1.3087116,,,,,
7,1.1395584,,,,,
8,0.9288588,,,,,
8.2,0.8131224,,,,,
8.4,0.6172608,,,,,
8.5,0.6063796,,,,,
8.7,0.6766128,,,,,
9,0.7280512,,,,,
9.2,0.8032304,,,,,
9.4,0.9605132,,,,,
9.5,1.073282,,,,,
9.6,1.1959428,,,,,
9.8,1.4630268,,,,,
10,1.6885644,,,,,
10.5,1.9348752,,,,,
11,1.9724648,,,,,
11.5,1.8438688,,,,,
12,1.7142836,,,,,
12.5,1.5945904,,,,,
13,1.5886552,,,,,
13.5,1.597558,,,,,
14,1.597558,,,,,
14.5,1.5411736,,,,,
15,1.5372168,,,,,
